slug,city,county,region,current_title,current_h1,word_count
"bradenton-fl","Bradenton","Manatee County","Manatee County (Bradenton Base)","Cleaning Services in Bradenton, FL | Sweet Maid Cleaning Service","Cleaning Services in Bradenton, FL",1789
"lakewood-ranch-fl","Lakewood Ranch","Manatee / Sarasota County","Manatee County (Bradenton Base)","Lakewood Ranch, FL House Cleaning | Sweet Maid Cleaning Service","Professional House Cleaning Services in Lakewood Ranch, FL",1535
"palmetto-fl","Palmetto","Manatee County","Manatee County (Bradenton Base)","House Cleaning in Palmetto, FL | Sweet Maid Cleaning Service","House Cleaning Services in Palmetto, FL",1513
"ellenton-fl","Ellenton","Manatee County","Manatee County (Bradenton Base)","Reliable House Cleaning in Ellenton, FL | Sweet Maid Cleaning","Professional House Cleaning Services in Ellenton, FL",1508
"parrish-fl","Parrish","Manatee County","Manatee County (Bradenton Base)","Parrish, FL House Cleaning | Sweet Maid Cleaning Service","Local House Cleaning Services in Parrish, FL",1514
"anna-maria-fl","Anna Maria","Manatee County","Manatee County (Bradenton Base)","Reliable House Cleaning in Anna Maria, FL | Sweet Maid Cleaning","Professional House Cleaning Services in Anna Maria, FL",1539
"holmes-beach-fl","Holmes Beach","Manatee County","Manatee County (Bradenton Base)","Holmes Beach, FL House Cleaning | Sweet Maid Cleaning Service","House Cleaning Services in Holmes Beach, FL",1546
"bradenton-beach-fl","Bradenton Beach","Manatee County","Manatee County (Bradenton Base)","Bradenton Beach, FL House Cleaning | Sweet Maid Cleaning Service","Local House Cleaning Services in Bradenton Beach, FL",1545
"cortez-fl","Cortez","Manatee County","Manatee County (Bradenton Base)","Reliable House Cleaning in Cortez, FL | Sweet Maid Cleaning","Local House Cleaning Services in Cortez, FL",1515
"bayshore-gardens-fl","Bayshore Gardens","Manatee County","Manatee County (Bradenton Base)","Professional House Cleaning in Bayshore Gardens, FL | Sweet Maid","House Cleaning Services in Bayshore Gardens, FL",1538
"whitfield-fl","Whitfield","Manatee County","Manatee County (Bradenton Base)","Whitfield, FL House Cleaning | Sweet Maid Cleaning Service","Reliable House Cleaning Services in Whitfield, Florida",1507
"longboat-key-fl","Longboat Key","Manatee / Sarasota County","Manatee County (Bradenton Base)","Cleaning Services in Longboat Key, FL | Sweet Maid Cleaning Service","Cleaning Services in Longboat Key, FL",1576
"myakka-city-fl","Myakka City","Manatee County","Manatee County (Bradenton Base)","Professional House Cleaning in Myakka City, FL | Sweet Maid","House Cleaning Services in Myakka City, FL",1541
"sarasota-fl","Sarasota","Sarasota County","Sarasota County","House Cleaning Services in Sarasota, FL | Sweet Maid Cleaners","Reliable House Cleaning Services in Sarasota, Florida",1816
"venice-fl","Venice (incl. South Venice)","Sarasota County","Sarasota County","House Cleaning in Venice (Incl. South Venice), FL | Sweet Maid Cleaning Service","House Cleaning Services in Venice (Incl. South Venice), FL",1959
"north-port-fl","North Port","Sarasota County","Sarasota County","Professional House Cleaning in North Port, FL | Sweet Maid","Local House Cleaning Services in North Port, FL",1864
"osprey-fl","Osprey","Sarasota County","Sarasota County","House Cleaning Services in Osprey, FL | Sweet Maid Cleaners","Reliable House Cleaning Services in Osprey, Florida",1816
"nokomis-fl","Nokomis","Sarasota County","Sarasota County","Reliable House Cleaning in Nokomis, FL | Sweet Maid Cleaning","Reliable House Cleaning Services in Nokomis, Florida",1815
"siesta-key-fl","Siesta Key","Sarasota County","Sarasota County","Professional House Cleaning in Siesta Key, FL | Sweet Maid","Local House Cleaning Services in Siesta Key, FL",1867
"fruitville-fl","Fruitville","Sarasota County","Sarasota County","Professional House Cleaning in Fruitville, FL | Sweet Maid","Reliable House Cleaning Services in Fruitville, Florida",1810
"lake-sarasota-fl","Lake Sarasota","Sarasota County","Sarasota County","Professional House Cleaning in Lake Sarasota, FL | Sweet Maid","House Cleaning Services in Lake Sarasota, FL",1869
"bee-ridge-fl","Bee Ridge","Sarasota County","Sarasota County","House Cleaning in Bee Ridge, FL | Sweet Maid Cleaning Service","House Cleaning Services in Bee Ridge, FL",1864
"palmer-ranch-fl","Palmer Ranch","Sarasota County","Sarasota County","House Cleaning in Palmer Ranch, FL | Sweet Maid Cleaning Service","Reliable House Cleaning Services in Palmer Ranch, Florida",1861
"englewood-fl","Englewood","Sarasota County","Sarasota County","House Cleaning in Englewood, FL | Sweet Maid Cleaning Service","House Cleaning Services in Englewood, FL",1818
"miami-fl","Miami","Miami-Dade County","Miami-Dade County","House Cleaning Services in Miami, FL | Sweet Maid Cleaners","Professional House Cleaning Services in Miami, FL",1819
"homestead-fl","Homestead","Miami-Dade County","Miami-Dade County","House Cleaning Services in Homestead, FL | Sweet Maid Cleaners","House Cleaning Services in Homestead, FL",1820
"miami-beach-fl","Miami Beach","Miami-Dade County","Miami-Dade County","Reliable House Cleaning in Miami Beach, FL | Sweet Maid Cleaning","Professional House Cleaning Services in Miami Beach, FL",1867
"coral-gables-fl","Coral Gables","Miami-Dade County","Miami-Dade County","House Cleaning Services in Coral Gables, FL | Sweet Maid Cleaners","Reliable House Cleaning Services in Coral Gables, Florida",1859
"doral-fl","Doral","Miami-Dade County","Miami-Dade County","Doral, FL House Cleaning | Sweet Maid Cleaning Service","Reliable House Cleaning Services in Doral, Florida",1811
"aventura-fl","Aventura","Miami-Dade County","Miami-Dade County","House Cleaning in Aventura, FL | Sweet Maid Cleaning Service","Reliable House Cleaning Services in Aventura, Florida",1817
"kendall-fl","Kendall","Miami-Dade County","Miami-Dade County","House Cleaning Services in Kendall, FL | Sweet Maid Cleaners","Professional House Cleaning Services in Kendall, FL",1814
"pinecrest-fl","Pinecrest","Miami-Dade County","Miami-Dade County","House Cleaning Services in Pinecrest, FL | Sweet Maid Cleaners","Professional House Cleaning Services in Pinecrest, FL",1814
"key-biscayne-fl","Key Biscayne","Miami-Dade County","Miami-Dade County","House Cleaning Services in Key Biscayne, FL | Sweet Maid Cleaners","House Cleaning Services in Key Biscayne, FL",1868
"south-miami-fl","South Miami","Miami-Dade County","Miami-Dade County","Reliable House Cleaning in South Miami, FL | Sweet Maid Cleaning","Professional House Cleaning Services in South Miami, FL",1863
"bal-harbour-fl","Bal Harbour","Miami-Dade County","Miami-Dade County","Bal Harbour, FL House Cleaning | Sweet Maid Cleaning Service","Local House Cleaning Services in Bal Harbour, FL",1865
"sunny-isles-beach-fl","Sunny Isles Beach","Miami-Dade County","Miami-Dade County","Professional House Cleaning in Sunny Isles Beach, FL | Sweet Maid","House Cleaning Services in Sunny Isles Beach, FL",1915
"cutler-bay-fl","Cutler Bay","Miami-Dade County","Miami-Dade County","Cutler Bay, FL House Cleaning | Sweet Maid Cleaning Service","House Cleaning Services in Cutler Bay, FL",1862
"palmetto-bay-fl","Palmetto Bay","Miami-Dade County","Miami-Dade County","House Cleaning in Palmetto Bay, FL | Sweet Maid Cleaning Service","Professional House Cleaning Services in Palmetto Bay, FL",1859
"key-largo-fl","Key Largo (incl. North Key Largo)","Monroe County","Florida Keys & Monroe County","House Cleaning in Key Largo (Incl. North Key Largo), FL | Sweet Maid Cleaning Service","Professional House Cleaning Services in Key Largo (Incl. North Key Largo), FL",2059
"tavernier-fl","Tavernier","Monroe County","Florida Keys & Monroe County","House Cleaning in Tavernier, FL | Sweet Maid Cleaning Service","Reliable House Cleaning Services in Tavernier, Florida",1820
"islamorada-fl","Islamorada","Monroe County","Florida Keys & Monroe County","Professional House Cleaning in Islamorada, FL | Sweet Maid","Local House Cleaning Services in Islamorada, FL",1826
"marathon-fl","Marathon","Monroe County","Florida Keys & Monroe County","House Cleaning in Marathon, FL | Sweet Maid Cleaning Service","Reliable House Cleaning Services in Marathon, Florida",1824
"big-pine-key-fl","Big Pine Key","Monroe County","Florida Keys & Monroe County","House Cleaning in Big Pine Key, FL | Sweet Maid Cleaning Service","Local House Cleaning Services in Big Pine Key, FL",1926
"key-west-fl","Key West","Monroe County","Florida Keys & Monroe County","Professional House Cleaning in Key West, FL | Sweet Maid","Local House Cleaning Services in Key West, FL",1878
"tampa-fl","Tampa","Hillsborough County","Hillsborough County","House Cleaning Services in Tampa, FL | Sweet Maid Cleaners","Professional House Cleaning Services in Tampa, FL",1811
"fish-hawk-fl","Fish Hawk (incl. Lithia)","Hillsborough County","Hillsborough County","House Cleaning in Fish Hawk (Incl. Lithia), FL | Sweet Maid Cleaning Service","Reliable House Cleaning Services in Fish Hawk (Incl. Lithia), Florida",1954
"brandon-fl","Brandon","Hillsborough County","Hillsborough County","House Cleaning in Brandon, FL | Sweet Maid Cleaning Service","Reliable House Cleaning Services in Brandon, Florida",1811
"riverview-fl","Riverview","Hillsborough County","Hillsborough County","House Cleaning in Riverview, FL | Sweet Maid Cleaning Service","Local House Cleaning Services in Riverview, FL",1816
"valrico-fl","Valrico","Hillsborough County","Hillsborough County","Valrico, FL House Cleaning | Sweet Maid Cleaning Service","House Cleaning Services in Valrico, FL",1813
"bloomingdale-fl","Bloomingdale","Hillsborough County","Hillsborough County","Bloomingdale, FL House Cleaning | Sweet Maid Cleaning Service","Professional House Cleaning Services in Bloomingdale, FL",1809
"apollo-beach-fl","Apollo Beach","Hillsborough County","Hillsborough County","Apollo Beach, FL House Cleaning | Sweet Maid Cleaning Service","Local House Cleaning Services in Apollo Beach, FL",1867
"sun-city-center-fl","Sun City Center","Hillsborough County","Hillsborough County","Professional House Cleaning in Sun City Center, FL | Sweet Maid","Reliable House Cleaning Services in Sun City Center, Florida",1905
"plant-city-fl","Plant City","Hillsborough County","Hillsborough County","Reliable House Cleaning in Plant City, FL | Sweet Maid Cleaning","Professional House Cleaning Services in Plant City, FL",1854
"carrollwood-fl","Carrollwood","Hillsborough County","Hillsborough County","Reliable House Cleaning in Carrollwood, FL | Sweet Maid Cleaning","Reliable House Cleaning Services in Carrollwood, Florida",1803
"westchase-fl","Westchase","Hillsborough County","Hillsborough County","House Cleaning in Westchase, FL | Sweet Maid Cleaning Service","Local House Cleaning Services in Westchase, FL",1807
"lutz-fl","Lutz","Hillsborough County","Hillsborough County","Professional House Cleaning in Lutz, FL | Sweet Maid","Local House Cleaning Services in Lutz, FL",1805
"st-petersburg-fl","St. Petersburg","Pinellas County","Pinellas County","St. Petersburg, FL House Cleaning | Sweet Maid Cleaning Service","Local House Cleaning Services in St. Petersburg, FL",1861
"clearwater-fl","Clearwater","Pinellas County","Pinellas County","Professional House Cleaning in Clearwater, FL | Sweet Maid","Reliable House Cleaning Services in Clearwater, Florida",1807
"palm-harbor-fl","Palm Harbor","Pinellas County","Pinellas County","House Cleaning in Palm Harbor, FL | Sweet Maid Cleaning Service","Professional House Cleaning Services in Palm Harbor, FL",1852
"largo-fl","Largo","Pinellas County","Pinellas County","House Cleaning in Largo, FL | Sweet Maid Cleaning Service","Professional House Cleaning Services in Largo, FL",1809
"dunedin-fl","Dunedin","Pinellas County","Pinellas County","Reliable House Cleaning in Dunedin, FL | Sweet Maid Cleaning","Local House Cleaning Services in Dunedin, FL",1810
"pinellas-park-fl","Pinellas Park","Pinellas County","Pinellas County","House Cleaning in Pinellas Park, FL | Sweet Maid Cleaning Service","Professional House Cleaning Services in Pinellas Park, FL",1856
"safety-harbor-fl","Safety Harbor","Pinellas County","Pinellas County","House Cleaning in Safety Harbor, FL | Sweet Maid Cleaning Service","Local House Cleaning Services in Safety Harbor, FL",1857
"st-pete-beach-fl","St. Pete Beach","Pinellas County","Pinellas County","Professional House Cleaning in St. Pete Beach, FL | Sweet Maid","House Cleaning Services in St. Pete Beach, FL",1912
"fort-lauderdale-fl","Fort Lauderdale","Broward County","Broward County","Fort Lauderdale, FL House Cleaning | Sweet Maid Cleaning Service","Professional House Cleaning Services in Fort Lauderdale, FL",1856
"hollywood-fl","Hollywood","Broward County","Broward County","Professional House Cleaning in Hollywood, FL | Sweet Maid","Professional House Cleaning Services in Hollywood, FL",1810
"pompano-beach-fl","Pompano Beach","Broward County","Broward County","Professional House Cleaning in Pompano Beach, FL | Sweet Maid","Reliable House Cleaning Services in Pompano Beach, Florida",1866
"coral-springs-fl","Coral Springs","Broward County","Broward County","Professional House Cleaning in Coral Springs, FL | Sweet Maid","Reliable House Cleaning Services in Coral Springs, Florida",1853
"pembroke-pines-fl","Pembroke Pines","Broward County","Broward County","Pembroke Pines, FL House Cleaning | Sweet Maid Cleaning Service","Professional House Cleaning Services in Pembroke Pines, FL",1853
"miramar-fl","Miramar","Broward County","Broward County","Reliable House Cleaning in Miramar, FL | Sweet Maid Cleaning","Local House Cleaning Services in Miramar, FL",1814
"davie-fl","Davie","Broward County","Broward County","Professional House Cleaning in Davie, FL | Sweet Maid","Local House Cleaning Services in Davie, FL",1808
"sunrise-fl","Sunrise","Broward County","Broward County","House Cleaning in Sunrise, FL | Sweet Maid Cleaning Service","Local House Cleaning Services in Sunrise, FL",1808
"plantation-fl","Plantation","Broward County","Broward County","Reliable House Cleaning in Plantation, FL | Sweet Maid Cleaning","Reliable House Cleaning Services in Plantation, Florida",1808
"deerfield-beach-fl","Deerfield Beach","Broward County","Broward County","Professional House Cleaning in Deerfield Beach, FL | Sweet Maid","Reliable House Cleaning Services in Deerfield Beach, Florida",1868
"lauderhill-fl","Lauderhill","Broward County","Broward County","House Cleaning in Lauderhill, FL | Sweet Maid Cleaning Service","Reliable House Cleaning Services in Lauderhill, Florida",1807
"weston-fl","Weston","Broward County","Broward County","Reliable House Cleaning in Weston, FL | Sweet Maid Cleaning","Reliable House Cleaning Services in Weston, Florida",1805
"coconut-creek-fl","Coconut Creek","Broward County","Broward County","House Cleaning in Coconut Creek, FL | Sweet Maid Cleaning Service","House Cleaning Services in Coconut Creek, FL",1862
"tamarac-fl","Tamarac","Broward County","Broward County","Tamarac, FL House Cleaning | Sweet Maid Cleaning Service","Professional House Cleaning Services in Tamarac, FL",1805
"margate-fl","Margate","Broward County","Broward County","Margate, FL House Cleaning | Sweet Maid Cleaning Service","Local House Cleaning Services in Margate, FL",1811
"oakland-park-fl","Oakland Park","Broward County","Broward County","House Cleaning Services in Oakland Park, FL | Sweet Maid Cleaners","Local House Cleaning Services in Oakland Park, FL",1865
"north-lauderdale-fl","North Lauderdale","Broward County","Broward County","North Lauderdale, FL House Cleaning | Sweet Maid Cleaning Service","Professional House Cleaning Services in North Lauderdale, FL",1853
"hallandale-beach-fl","Hallandale Beach","Broward County","Broward County","Professional House Cleaning in Hallandale Beach, FL | Sweet Maid","Reliable House Cleaning Services in Hallandale Beach, Florida",1864
"lauderdale-lakes-fl","Lauderdale Lakes","Broward County","Broward County","Professional House Cleaning in Lauderdale Lakes, FL | Sweet Maid","Reliable House Cleaning Services in Lauderdale Lakes, Florida",1854
"dania-beach-fl","Dania Beach","Broward County","Broward County","House Cleaning in Dania Beach, FL | Sweet Maid Cleaning Service","Local House Cleaning Services in Dania Beach, FL",1864
"cooper-city-fl","Cooper City","Broward County","Broward County","Professional House Cleaning in Cooper City, FL | Sweet Maid","Reliable House Cleaning Services in Cooper City, Florida",1854
"parkland-fl","Parkland","Broward County","Broward County","Reliable House Cleaning in Parkland, FL | Sweet Maid Cleaning","Professional House Cleaning Services in Parkland, FL",1809
"wilton-manors-fl","Wilton Manors","Broward County","Broward County","Professional House Cleaning in Wilton Manors, FL | Sweet Maid","Reliable House Cleaning Services in Wilton Manors, Florida",1860
"lighthouse-point-fl","Lighthouse Point","Broward County","Broward County","Lighthouse Point, FL House Cleaning | Sweet Maid Cleaning Service","Professional House Cleaning Services in Lighthouse Point, FL",1862
"southwest-ranches-fl","Southwest Ranches","Broward County","Broward County","Professional House Cleaning in Southwest Ranches, FL | Sweet Maid","Local House Cleaning Services in Southwest Ranches, FL",1856
"lauderdale-by-the-sea-fl","Lauderdale-by-the-Sea","Broward County","Broward County","House Cleaning in Lauderdale-by-the-sea, FL | Sweet Maid Cleaning Service","Professional House Cleaning Services in Lauderdale-by-the-sea, FL",1814
"pembroke-park-fl","Pembroke Park","Broward County","Broward County","House Cleaning in Pembroke Park, FL | Sweet Maid Cleaning Service","Reliable House Cleaning Services in Pembroke Park, Florida",1860
"west-park-fl","West Park","Broward County","Broward County","West Park, FL House Cleaning | Sweet Maid Cleaning Service","House Cleaning Services in West Park, FL",1862
"hillsboro-beach-fl","Hillsboro Beach","Broward County","Broward County","Professional House Cleaning in Hillsboro Beach, FL | Sweet Maid","Reliable House Cleaning Services in Hillsboro Beach, Florida",1867
"sea-ranch-lakes-fl","Sea Ranch Lakes","Broward County","Broward County","Sea Ranch Lakes, FL House Cleaning | Sweet Maid Cleaning Service","Professional House Cleaning Services in Sea Ranch Lakes, FL",1910
"lazy-lake-fl","Lazy Lake","Broward County","Broward County","Lazy Lake, FL House Cleaning | Sweet Maid Cleaning Service","House Cleaning Services in Lazy Lake, FL",1863
"west-palm-beach-fl","West Palm Beach","Palm Beach County","Palm Beach County","Professional House Cleaning in West Palm Beach, FL | Sweet Maid","Reliable House Cleaning Services in West Palm Beach, Florida",1924
"boca-raton-fl","Boca Raton","Palm Beach County","Palm Beach County","Boca Raton, FL House Cleaning | Sweet Maid Cleaning Service","Reliable House Cleaning Services in Boca Raton, Florida",1866
"boynton-beach-fl","Boynton Beach","Palm Beach County","Palm Beach County","Professional House Cleaning in Boynton Beach, FL | Sweet Maid","Local House Cleaning Services in Boynton Beach, FL",1870
"delray-beach-fl","Delray Beach","Palm Beach County","Palm Beach County","House Cleaning Services in Delray Beach, FL | Sweet Maid Cleaners","Professional House Cleaning Services in Delray Beach, FL",1870
"wellington-fl","Wellington","Palm Beach County","Palm Beach County","Professional House Cleaning in Wellington, FL | Sweet Maid","Professional House Cleaning Services in Wellington, FL",1819
"jupiter-fl","Jupiter","Palm Beach County","Palm Beach County","Jupiter, FL House Cleaning | Sweet Maid Cleaning Service","Professional House Cleaning Services in Jupiter, FL",1824
"palm-beach-gardens-fl","Palm Beach Gardens","Palm Beach County","Palm Beach County","House Cleaning in Palm Beach Gardens, FL | Sweet Maid Cleaning Service","Local House Cleaning Services in Palm Beach Gardens, FL",1928
"greenacres-fl","Greenacres","Palm Beach County","Palm Beach County","Professional House Cleaning in Greenacres, FL | Sweet Maid","Professional House Cleaning Services in Greenacres, FL",1816
"lake-worth-beach-fl","Lake Worth Beach","Palm Beach County","Palm Beach County","Professional House Cleaning in Lake Worth Beach, FL | Sweet Maid","Reliable House Cleaning Services in Lake Worth Beach, Florida",1916
"royal-palm-beach-fl","Royal Palm Beach","Palm Beach County","Palm Beach County","Professional House Cleaning in Royal Palm Beach, FL | Sweet Maid","Reliable House Cleaning Services in Royal Palm Beach, Florida",1920
"riviera-beach-fl","Riviera Beach","Palm Beach County","Palm Beach County","House Cleaning in Riviera Beach, FL | Sweet Maid Cleaning Service","House Cleaning Services in Riviera Beach, FL",1884
"palm-beach-fl","Palm Beach","Palm Beach County","Palm Beach County","Professional House Cleaning in Palm Beach, FL | Sweet Maid","House Cleaning Services in Palm Beach, FL",1879
"north-palm-beach-fl","North Palm Beach","Palm Beach County","Palm Beach County","Professional House Cleaning in North Palm Beach, FL | Sweet Maid","House Cleaning Services in North Palm Beach, FL",1930
"lantana-fl","Lantana","Palm Beach County","Palm Beach County","House Cleaning in Lantana, FL | Sweet Maid Cleaning Service","Professional House Cleaning Services in Lantana, FL",1816
"palm-springs-fl","Palm Springs","Palm Beach County","Palm Beach County","Professional House Cleaning in Palm Springs, FL | Sweet Maid","Professional House Cleaning Services in Palm Springs, FL",1862
"belle-glade-fl","Belle Glade","Palm Beach County","Palm Beach County","House Cleaning in Belle Glade, FL | Sweet Maid Cleaning Service","Reliable House Cleaning Services in Belle Glade, Florida",1864
"south-palm-beach-fl","South Palm Beach","Palm Beach County","Palm Beach County","Professional House Cleaning in South Palm Beach, FL | Sweet Maid","House Cleaning Services in South Palm Beach, FL",1920
"tequesta-fl","Tequesta","Palm Beach County","Palm Beach County","House Cleaning Services in Tequesta, FL | Sweet Maid Cleaners","House Cleaning Services in Tequesta, FL",1828
"highland-beach-fl","Highland Beach","Palm Beach County","Palm Beach County","Highland Beach, FL House Cleaning | Sweet Maid Cleaning Service","Local House Cleaning Services in Highland Beach, FL",1873
"juno-beach-fl","Juno Beach","Palm Beach County","Palm Beach County","Juno Beach, FL House Cleaning | Sweet Maid Cleaning Service","Reliable House Cleaning Services in Juno Beach, Florida",1876
"hypoluxo-fl","Hypoluxo","Palm Beach County","Palm Beach County","House Cleaning Services in Hypoluxo, FL | Sweet Maid Cleaners","House Cleaning Services in Hypoluxo, FL",1819
"atlantis-fl","Atlantis","Palm Beach County","Palm Beach County","Atlantis, FL House Cleaning | Sweet Maid Cleaning Service","House Cleaning Services in Atlantis, FL",1818
"ocean-ridge-fl","Ocean Ridge","Palm Beach County","Palm Beach County","Professional House Cleaning in Ocean Ridge, FL | Sweet Maid","House Cleaning Services in Ocean Ridge, FL",1865
"lake-park-fl","Lake Park","Palm Beach County","Palm Beach County","Professional House Cleaning in Lake Park, FL | Sweet Maid","House Cleaning Services in Lake Park, FL",1877
"haverhill-fl","Haverhill","Palm Beach County","Palm Beach County","House Cleaning in Haverhill, FL | Sweet Maid Cleaning Service","Professional House Cleaning Services in Haverhill, FL",1820
"pahokee-fl","Pahokee","Palm Beach County","Palm Beach County","Reliable House Cleaning in Pahokee, FL | Sweet Maid Cleaning","Local House Cleaning Services in Pahokee, FL",1820
"south-bay-fl","South Bay","Palm Beach County","Palm Beach County","Professional House Cleaning in South Bay, FL | Sweet Maid","Reliable House Cleaning Services in South Bay, Florida",1862
"loxahatchee-groves-fl","Loxahatchee Groves","Palm Beach County","Palm Beach County","House Cleaning in Loxahatchee Groves, FL | Sweet Maid Cleaning Service","Professional House Cleaning Services in Loxahatchee Groves, FL",1867
"mangonia-park-fl","Mangonia Park","Palm Beach County","Palm Beach County","Professional House Cleaning in Mangonia Park, FL | Sweet Maid","Professional House Cleaning Services in Mangonia Park, FL",1872
"gulf-stream-fl","Gulf Stream","Palm Beach County","Palm Beach County","Gulf Stream, FL House Cleaning | Sweet Maid Cleaning Service","Local House Cleaning Services in Gulf Stream, FL",1866
"manalapan-fl","Manalapan","Palm Beach County","Palm Beach County","House Cleaning in Manalapan, FL | Sweet Maid Cleaning Service","Professional House Cleaning Services in Manalapan, FL",1814
"jupiter-inlet-colony-fl","Jupiter Inlet Colony","Palm Beach County","Palm Beach County","House Cleaning in Jupiter Inlet Colony, FL | Sweet Maid Cleaning Service","Local House Cleaning Services in Jupiter Inlet Colony, FL",1923
"briny-breezes-fl","Briny Breezes","Palm Beach County","Palm Beach County","Briny Breezes, FL House Cleaning | Sweet Maid Cleaning Service","Professional House Cleaning Services in Briny Breezes, FL",1862
"cloud-lake-fl","Cloud Lake","Palm Beach County","Palm Beach County","Professional House Cleaning in Cloud Lake, FL | Sweet Maid","Local House Cleaning Services in Cloud Lake, FL",1871
"glen-ridge-fl","Glen Ridge","Palm Beach County","Palm Beach County","Professional House Cleaning in Glen Ridge, FL | Sweet Maid","House Cleaning Services in Glen Ridge, FL",1871
"golf-fl","Golf","Palm Beach County","Palm Beach County","Professional House Cleaning in Golf, FL | Sweet Maid","Reliable House Cleaning Services in Golf, Florida",1815
"orlando-fl","Orlando","Orange County","Orange County (Greater Orlando)","Orlando, FL House Cleaning | Sweet Maid Cleaning Service","Local House Cleaning Services in Orlando, FL",1812
"winter-park-fl","Winter Park","Orange County","Orange County (Greater Orlando)","Reliable House Cleaning in Winter Park, FL | Sweet Maid Cleaning","Reliable House Cleaning Services in Winter Park, Florida",1857
"winter-garden-fl","Winter Garden","Orange County","Orange County (Greater Orlando)","House Cleaning in Winter Garden, FL | Sweet Maid Cleaning Service","Professional House Cleaning Services in Winter Garden, FL",1856
"ocoee-fl","Ocoee","Orange County","Orange County (Greater Orlando)","Reliable House Cleaning in Ocoee, FL | Sweet Maid Cleaning","Local House Cleaning Services in Ocoee, FL",1810
"apopka-fl","Apopka","Orange County","Orange County (Greater Orlando)","House Cleaning in Apopka, FL | Sweet Maid Cleaning Service","Reliable House Cleaning Services in Apopka, Florida",1809
"windermere-fl","Windermere","Orange County","Orange County (Greater Orlando)","House Cleaning Services in Windermere, FL | Sweet Maid Cleaners","House Cleaning Services in Windermere, FL",1818
"maitland-fl","Maitland","Orange County","Orange County (Greater Orlando)","Professional House Cleaning in Maitland, FL | Sweet Maid","Reliable House Cleaning Services in Maitland, Florida",1808
"lake-buena-vista-fl","Lake Buena Vista","Orange County","Orange County (Greater Orlando)","Lake Buena Vista, FL House Cleaning | Sweet Maid Cleaning Service","Local House Cleaning Services in Lake Buena Vista, FL",1911
"belle-isle-fl","Belle Isle","Orange County","Orange County (Greater Orlando)","Professional House Cleaning in Belle Isle, FL | Sweet Maid","Reliable House Cleaning Services in Belle Isle, Florida",1860
"edgewood-fl","Edgewood","Orange County","Orange County (Greater Orlando)","House Cleaning in Edgewood, FL | Sweet Maid Cleaning Service","Reliable House Cleaning Services in Edgewood, Florida",1812
"eatonville-fl","Eatonville","Orange County","Orange County (Greater Orlando)","Reliable House Cleaning in Eatonville, FL | Sweet Maid Cleaning","Professional House Cleaning Services in Eatonville, FL",1807
"oakland-fl","Oakland","Orange County","Orange County (Greater Orlando)","Professional House Cleaning in Oakland, FL | Sweet Maid","House Cleaning Services in Oakland, FL",1811
"dr-phillips-fl","Dr. Phillips","Orange County","Orange County (Greater Orlando)","Professional House Cleaning in Dr. Phillips, FL | Sweet Maid","Reliable House Cleaning Services in Dr. Phillips, Florida",1862
"hunters-creek-fl","Hunters Creek","Orange County","Orange County (Greater Orlando)","Hunters Creek, FL House Cleaning | Sweet Maid Cleaning Service","Reliable House Cleaning Services in Hunters Creek, Florida",1862
"horizon-west-fl","Horizon West","Orange County","Orange County (Greater Orlando)","Horizon West, FL House Cleaning | Sweet Maid Cleaning Service","Professional House Cleaning Services in Horizon West, FL",1859
"lake-nona-fl","Lake Nona","Orange County","Orange County (Greater Orlando)","Lake Nona, FL House Cleaning | Sweet Maid Cleaning Service","Reliable House Cleaning Services in Lake Nona, Florida",1861
"avalon-park-fl","Avalon Park","Orange County","Orange County (Greater Orlando)","Avalon Park, FL House Cleaning | Sweet Maid Cleaning Service","House Cleaning Services in Avalon Park, FL",1860
"bay-lake-fl","Bay Lake","Orange County","Orange County (Greater Orlando)","House Cleaning in Bay Lake, FL | Sweet Maid Cleaning Service","Reliable House Cleaning Services in Bay Lake, Florida",1862
"sanford-fl","Sanford","Seminole County","Seminole County","Professional House Cleaning in Sanford, FL | Sweet Maid","Local House Cleaning Services in Sanford, FL",1802
"altamonte-springs-fl","Altamonte Springs","Seminole County","Seminole County","Professional House Cleaning in Altamonte Springs, FL | Sweet Maid","Reliable House Cleaning Services in Altamonte Springs, Florida",1847
"oviedo-fl","Oviedo","Seminole County","Seminole County","Reliable House Cleaning in Oviedo, FL | Sweet Maid Cleaning","Reliable House Cleaning Services in Oviedo, Florida",1803
"winter-springs-fl","Winter Springs","Seminole County","Seminole County","Professional House Cleaning in Winter Springs, FL | Sweet Maid","Reliable House Cleaning Services in Winter Springs, Florida",1847
"casselberry-fl","Casselberry","Seminole County","Seminole County","Reliable House Cleaning in Casselberry, FL | Sweet Maid Cleaning","Local House Cleaning Services in Casselberry, FL",1804
"longwood-fl","Longwood","Seminole County","Seminole County","House Cleaning Services in Longwood, FL | Sweet Maid Cleaners","Local House Cleaning Services in Longwood, FL",1804
"lake-mary-fl","Lake Mary","Seminole County","Seminole County","House Cleaning in Lake Mary, FL | Sweet Maid Cleaning Service","Local House Cleaning Services in Lake Mary, FL",1851
"kissimmee-fl","Kissimmee","Osceola County","Osceola County","House Cleaning in Kissimmee, FL | Sweet Maid Cleaning Service","Professional House Cleaning Services in Kissimmee, FL",1801
"st-cloud-fl","St. Cloud","Osceola County","Osceola County","Professional House Cleaning in St. Cloud, FL | Sweet Maid","Local House Cleaning Services in St. Cloud, FL",1851
"celebration-fl","Celebration","Osceola County","Osceola County","Professional House Cleaning in Celebration, FL | Sweet Maid","Reliable House Cleaning Services in Celebration, Florida",1801
"poinciana-fl","Poinciana","Osceola County","Osceola County","House Cleaning in Poinciana, FL | Sweet Maid Cleaning Service","Reliable House Cleaning Services in Poinciana, Florida",1802
"clermont-fl","Clermont","Lake County","Lake County","Reliable House Cleaning in Clermont, FL | Sweet Maid Cleaning","Reliable House Cleaning Services in Clermont, Florida",1800
"leesburg-fl","Leesburg","Lake County","Lake County","House Cleaning Services in Leesburg, FL | Sweet Maid Cleaners","Professional House Cleaning Services in Leesburg, FL",1800
"eustis-fl","Eustis","Lake County","Lake County","Professional House Cleaning in Eustis, FL | Sweet Maid","Professional House Cleaning Services in Eustis, FL",1799
"mount-dora-fl","Mount Dora","Lake County","Lake County","Mount Dora, FL House Cleaning | Sweet Maid Cleaning Service","Reliable House Cleaning Services in Mount Dora, Florida",1848
"tavares-fl","Tavares","Lake County","Lake County","House Cleaning Services in Tavares, FL | Sweet Maid Cleaners","House Cleaning Services in Tavares, FL",1804
"minneola-fl","Minneola","Lake County","Lake County","House Cleaning in Minneola, FL | Sweet Maid Cleaning Service","Local House Cleaning Services in Minneola, FL",1803
"groveland-fl","Groveland","Lake County","Lake County","Professional House Cleaning in Groveland, FL | Sweet Maid","Reliable House Cleaning Services in Groveland, Florida",1799
"lady-lake-fl","Lady Lake","Lake County","Lake County","Lady Lake, FL House Cleaning | Sweet Maid Cleaning Service","Reliable House Cleaning Services in Lady Lake, Florida",1847
"mascotte-fl","Mascotte","Lake County","Lake County","Professional House Cleaning in Mascotte, FL | Sweet Maid","Reliable House Cleaning Services in Mascotte, Florida",1798
"fruitland-park-fl","Fruitland Park","Lake County","Lake County","Professional House Cleaning in Fruitland Park, FL | Sweet Maid","House Cleaning Services in Fruitland Park, FL",1851
"lakeland-fl","Lakeland","Polk County","Polk County","House Cleaning Services in Lakeland, FL | Sweet Maid Cleaners","Reliable House Cleaning Services in Lakeland, Florida",1809
"winter-haven-fl","Winter Haven","Polk County","Polk County","House Cleaning Services in Winter Haven, FL | Sweet Maid Cleaners","Reliable House Cleaning Services in Winter Haven, Florida",1855
"haines-city-fl","Haines City","Polk County","Polk County","House Cleaning in Haines City, FL | Sweet Maid Cleaning Service","House Cleaning Services in Haines City, FL",1860
"davenport-fl","Davenport","Polk County","Polk County","Professional House Cleaning in Davenport, FL | Sweet Maid","Professional House Cleaning Services in Davenport, FL",1808
"bartow-fl","Bartow","Polk County","Polk County","House Cleaning in Bartow, FL | Sweet Maid Cleaning Service","Professional House Cleaning Services in Bartow, FL",1809
"lake-wales-fl","Lake Wales","Polk County","Polk County","House Cleaning in Lake Wales, FL | Sweet Maid Cleaning Service","Reliable House Cleaning Services in Lake Wales, Florida",1853
"auburndale-fl","Auburndale","Polk County","Polk County","Auburndale, FL House Cleaning | Sweet Maid Cleaning Service","Local House Cleaning Services in Auburndale, FL",1809
"lake-alfred-fl","Lake Alfred","Polk County","Polk County","Reliable House Cleaning in Lake Alfred, FL | Sweet Maid Cleaning","House Cleaning Services in Lake Alfred, FL",1857
"polk-city-fl","Polk City","Polk County","Polk County","Reliable House Cleaning in Polk City, FL | Sweet Maid Cleaning","Reliable House Cleaning Services in Polk City, Florida",1855
"mulberry-fl","Mulberry","Polk County","Polk County","House Cleaning Services in Mulberry, FL | Sweet Maid Cleaners","Reliable House Cleaning Services in Mulberry, Florida",1807
"daytona-beach-fl","Daytona Beach","Volusia County","Volusia County","House Cleaning in Daytona Beach, FL | Sweet Maid Cleaning Service","House Cleaning Services in Daytona Beach, FL",1868
"deltona-fl","Deltona","Volusia County","Volusia County","House Cleaning Services in Deltona, FL | Sweet Maid Cleaners","Professional House Cleaning Services in Deltona, FL",1804
"deland-fl","DeLand","Volusia County","Volusia County","House Cleaning Services in Deland, FL | Sweet Maid Cleaners","House Cleaning Services in Deland, FL",1814
"port-orange-fl","Port Orange","Volusia County","Volusia County","House Cleaning Services in Port Orange, FL | Sweet Maid Cleaners","Reliable House Cleaning Services in Port Orange, Florida",1861
"ormond-beach-fl","Ormond Beach","Volusia County","Volusia County","Ormond Beach, FL House Cleaning | Sweet Maid Cleaning Service","Professional House Cleaning Services in Ormond Beach, FL",1863
"new-smyrna-beach-fl","New Smyrna Beach","Volusia County","Volusia County","New Smyrna Beach, FL House Cleaning | Sweet Maid Cleaning Service","Local House Cleaning Services in New Smyrna Beach, FL",1914
"orange-city-fl","Orange City","Volusia County","Volusia County","Reliable House Cleaning in Orange City, FL | Sweet Maid Cleaning","Reliable House Cleaning Services in Orange City, Florida",1853
"debary-fl","DeBary","Volusia County","Volusia County","Professional House Cleaning in Debary, FL | Sweet Maid","Local House Cleaning Services in Debary, FL",1807
"edgewater-fl","Edgewater","Volusia County","Volusia County","Professional House Cleaning in Edgewater, FL | Sweet Maid","Reliable House Cleaning Services in Edgewater, Florida",1818
"holly-hill-fl","Holly Hill","Volusia County","Volusia County","House Cleaning Services in Holly Hill, FL | Sweet Maid Cleaners","House Cleaning Services in Holly Hill, FL",1864
"ponce-inlet-fl","Ponce Inlet","Volusia County","Volusia County","Ponce Inlet, FL House Cleaning | Sweet Maid Cleaning Service","Reliable House Cleaning Services in Ponce Inlet, Florida",1861
"melbourne-fl","Melbourne","Brevard County","Brevard County (Space Coast)","Professional House Cleaning in Melbourne, FL | Sweet Maid","Professional House Cleaning Services in Melbourne, FL",1815
"palm-bay-fl","Palm Bay","Brevard County","Brevard County (Space Coast)","House Cleaning in Palm Bay, FL | Sweet Maid Cleaning Service","Local House Cleaning Services in Palm Bay, FL",1867
"titusville-fl","Titusville","Brevard County","Brevard County (Space Coast)","Titusville, FL House Cleaning | Sweet Maid Cleaning Service","Professional House Cleaning Services in Titusville, FL",1810
"cocoa-fl","Cocoa","Brevard County","Brevard County (Space Coast)","Cocoa, FL House Cleaning | Sweet Maid Cleaning Service","Professional House Cleaning Services in Cocoa, FL",1814
"cocoa-beach-fl","Cocoa Beach","Brevard County","Brevard County (Space Coast)","Reliable House Cleaning in Cocoa Beach, FL | Sweet Maid Cleaning","Professional House Cleaning Services in Cocoa Beach, FL",1867
"rockledge-fl","Rockledge","Brevard County","Brevard County (Space Coast)","House Cleaning Services in Rockledge, FL | Sweet Maid Cleaners","House Cleaning Services in Rockledge, FL",1819
"cape-canaveral-fl","Cape Canaveral","Brevard County","Brevard County (Space Coast)","Cape Canaveral, FL House Cleaning | Sweet Maid Cleaning Service","Professional House Cleaning Services in Cape Canaveral, FL",1861
"satellite-beach-fl","Satellite Beach","Brevard County","Brevard County (Space Coast)","Satellite Beach, FL House Cleaning | Sweet Maid Cleaning Service","Local House Cleaning Services in Satellite Beach, FL",1871
"merritt-island-fl","Merritt Island","Brevard County","Brevard County (Space Coast)","Merritt Island, FL House Cleaning | Sweet Maid Cleaning Service","Local House Cleaning Services in Merritt Island, FL",1865
"west-melbourne-fl","West Melbourne","Brevard County","Brevard County (Space Coast)","West Melbourne, FL House Cleaning | Sweet Maid Cleaning Service","Local House Cleaning Services in West Melbourne, FL",1866
"indialantic-fl","Indialantic","Brevard County","Brevard County (Space Coast)","House Cleaning Services in Indialantic, FL | Sweet Maid Cleaners","House Cleaning Services in Indialantic, FL",1819
"indian-harbour-beach-fl","Indian Harbour Beach","Brevard County","Brevard County (Space Coast)","House Cleaning in Indian Harbour Beach, FL | Sweet Maid Cleaning Service","Professional House Cleaning Services in Indian Harbour Beach, FL",1916
"melbourne-beach-fl","Melbourne Beach","Brevard County","Brevard County (Space Coast)","Melbourne Beach, FL House Cleaning | Sweet Maid Cleaning Service","Local House Cleaning Services in Melbourne Beach, FL",1871
"jacksonville-fl","Jacksonville","Duval County","Duval County (Jacksonville Base)","House Cleaning Services in Jacksonville, FL | Sweet Maid Cleaners","Professional House Cleaning Services in Jacksonville, FL",1812
"jacksonville-beach-fl","Jacksonville Beach","Duval County","Duval County (Jacksonville Base)","House Cleaning in Jacksonville Beach, FL | Sweet Maid Cleaning Service","Professional House Cleaning Services in Jacksonville Beach, FL",1866
"atlantic-beach-fl","Atlantic Beach","Duval County","Duval County (Jacksonville Base)","Professional House Cleaning in Atlantic Beach, FL | Sweet Maid","Reliable House Cleaning Services in Atlantic Beach, Florida",1866
"neptune-beach-fl","Neptune Beach","Duval County","Duval County (Jacksonville Base)","Neptune Beach, FL House Cleaning | Sweet Maid Cleaning Service","Local House Cleaning Services in Neptune Beach, FL",1869
"baldwin-fl","Baldwin","Duval County","Duval County (Jacksonville Base)","Reliable House Cleaning in Baldwin, FL | Sweet Maid Cleaning","Professional House Cleaning Services in Baldwin, FL",1806
"st-augustine-fl","St. Augustine","St. Johns County","St. Johns County (St. Augustine)","St. Augustine, FL House Cleaning | Sweet Maid Cleaning Service","Professional House Cleaning Services in St. Augustine, FL",1874
"st-augustine-beach-fl","St. Augustine Beach","St. Johns County","St. Johns County (St. Augustine)","House Cleaning in St. Augustine Beach, FL | Sweet Maid Cleaning Service","Professional House Cleaning Services in St. Augustine Beach, FL",1927
"ponte-vedra-beach-fl","Ponte Vedra Beach","St. Johns County","St. Johns County (St. Augustine)","Professional House Cleaning in Ponte Vedra Beach, FL | Sweet Maid","Local House Cleaning Services in Ponte Vedra Beach, FL",1929
"ponte-vedra-fl","Ponte Vedra","St. Johns County","St. Johns County (St. Augustine)","Professional House Cleaning in Ponte Vedra, FL | Sweet Maid","Professional House Cleaning Services in Ponte Vedra, FL",1873
"nocatee-fl","Nocatee","St. Johns County","St. Johns County (St. Augustine)","Professional House Cleaning in Nocatee, FL | Sweet Maid","Local House Cleaning Services in Nocatee, FL",1824
"st-johns-fl","St. Johns","St. Johns County","St. Johns County (St. Augustine)","House Cleaning in St. Johns, FL | Sweet Maid Cleaning Service","House Cleaning Services in St. Johns, FL",1879
"fruit-cove-fl","Fruit Cove","St. Johns County","St. Johns County (St. Augustine)","House Cleaning in Fruit Cove, FL | Sweet Maid Cleaning Service","House Cleaning Services in Fruit Cove, FL",1877
"hastings-fl","Hastings","St. Johns County","St. Johns County (St. Augustine)","House Cleaning Services in Hastings, FL | Sweet Maid Cleaners","Professional House Cleaning Services in Hastings, FL",1825
"marineland-fl","Marineland","St. Johns County","St. Johns County (St. Augustine)","Reliable House Cleaning in Marineland, FL | Sweet Maid Cleaning","Professional House Cleaning Services in Marineland, FL",1826
"orange-park-fl","Orange Park","Clay County","Clay County","Orange Park, FL House Cleaning | Sweet Maid Cleaning Service","Local House Cleaning Services in Orange Park, FL",1865
"fleming-island-fl","Fleming Island","Clay County","Clay County","Professional House Cleaning in Fleming Island, FL | Sweet Maid","Reliable House Cleaning Services in Fleming Island, Florida",1863
"green-cove-springs-fl","Green Cove Springs","Clay County","Clay County","House Cleaning in Green Cove Springs, FL | Sweet Maid Cleaning Service","Reliable House Cleaning Services in Green Cove Springs, Florida",1911
"middleburg-fl","Middleburg","Clay County","Clay County","Reliable House Cleaning in Middleburg, FL | Sweet Maid Cleaning","Local House Cleaning Services in Middleburg, FL",1819
"oakleaf-plantation-fl","Oakleaf Plantation","Clay County","Clay County","House Cleaning in Oakleaf Plantation, FL | Sweet Maid Cleaning Service","House Cleaning Services in Oakleaf Plantation, FL",1865
"keystone-heights-fl","Keystone Heights","Clay County","Clay County","Keystone Heights, FL House Cleaning | Sweet Maid Cleaning Service","Local House Cleaning Services in Keystone Heights, FL",1868
"penney-farms-fl","Penney Farms","Clay County","Clay County","Penney Farms, FL House Cleaning | Sweet Maid Cleaning Service","Professional House Cleaning Services in Penney Farms, FL",1860
"fernandina-beach-fl","Fernandina Beach","Nassau County","Nassau County (Amelia Island)","Professional House Cleaning in Fernandina Beach, FL | Sweet Maid","Reliable House Cleaning Services in Fernandina Beach, Florida",1859
"yulee-fl","Yulee","Nassau County","Nassau County (Amelia Island)","Reliable House Cleaning in Yulee, FL | Sweet Maid Cleaning","House Cleaning Services in Yulee, FL",1810
"amelia-island-fl","Amelia Island","Nassau County","Nassau County (Amelia Island)","Professional House Cleaning in Amelia Island, FL | Sweet Maid","Local House Cleaning Services in Amelia Island, FL",1858
"callahan-fl","Callahan","Nassau County","Nassau County (Amelia Island)","Callahan, FL House Cleaning | Sweet Maid Cleaning Service","Reliable House Cleaning Services in Callahan, Florida",1804
"hilliard-fl","Hilliard","Nassau County","Nassau County (Amelia Island)","House Cleaning Services in Hilliard, FL | Sweet Maid Cleaners","Professional House Cleaning Services in Hilliard, FL",1804